,precision,recall,f1-score,support
0.0,0.765,1.0,0.8668555240793201,153.0
1.0,0.0,0.0,0.0,47.0
accuracy,0.765,0.765,0.765,0.765
macro avg,0.3825,0.5,0.43342776203966005,200.0
weighted avg,0.585225,0.765,0.6631444759206799,200.0
