analysis,statistic,p_value
ADHD PRS T-test,7.149054766112483,1.6864869081479862e-12
ASD PRS T-test,1.2264095671946371,0.22033386158261137
